[
    {
        "id": 1,
        "company": "Hotel California",
        "city": "Santa Barbara",
        "timezone": "US/Pacific"
    },
    {
        "id": 2,
        "company": "The Grand Budapest Hotel",
        "city": "Republic of Zubrowka",
        "timezone": "US/Central"
    },
    {
        "id": 3,
        "company": "The Heartbreak Hotel",
        "city": "Graceland",
        "timezone": "US/Central"
    },
    {
        "id": 4,
        "company": "The Prancing Pony",
        "city": "Bree",
        "timezone": "US/Central"
    },
    {
        "id": 5,
        "company": "The Fawlty Towers",
        "city": "Torquay",
        "timezone": "US/Eastern"
    }
]