[
    {
        "id": 1,
        "name": "Your Room is Ready",
        "message":"<time of day greeting> <first name>, and welcome to <company>!  Room <room number> is now ready for you.  Enjoy your stay, and let us know if you need anything."
    },
    {
        "id": 2,
        "name": "Looking Forward to Your Visit",
        "message": "Hello <first name>, we are looking forward to your visit on <booking start date>.  If you have any special requests prior to your stay, please let us know."
    },
    {
        "id": 3,
        "name": "Thank You for Visit",
        "message": "Hello <first name>, we hope you enjoyed your stay at <company>.  If you have any recommendations on how we can improve your visit next time, please let us know."
    }
]
